Hastalık Adı,Belirtiler,Tedavi,İlaçlar,Açıklama
Grip,",Ateş, öksürük, boğaz ağrısı","Bol sıvı tüketimi, istirahat, antiviral ilaçlar",Antiviral ilaçlar,"Grip, influenza virüslerinin neden olduğu bulaşıcı bir solunum yolu hastalığıdır."
Diyabet,"Sık idrara çıkma, aşırı susama","İnsülin, düzenli d,iyet, egzersiz",İnsülin,"Diyabet, vücudun kan şekerini düzgün bir şekilde kullanamaması sonucu oluşan kronik bir hastalıktır."
Hipertansiyon,"Baş ağrısı, burun kanaması, görme bozukluğu","Yaşam tarzı değişiklikleri, antihipertansif ilaçlar","ACE inhibitörleri, beta blokerler","Hipertansiyon, yüksek kan basıncı olarak da bilinen, kronik bir tıbbi durumdur."
Astım,"Nefes darlığı, Hırıltılı solunum, Öksürük, Göğüste sıkışma hissi","İnhaler, Alerjenlerden kaçınma, Astım planı, Aşılar",parol,"Astım, tamamen tedavi edilemeyen ancak doğru tedavi ve yaşam tarzı değişiklikleri ile kontrol altına alınabilen bir hastalıktır. Tedavi edilmezse hayat kalitesini ciddi şekilde etkileyebilir ve astım krizlerine neden olabilir."
Sinüzit,"Yüzde ağrı ve basınç, Burun tıkanıklığı, Kalın, renkli burun akıntısı, Koku ve tat kaybı, Öksürük, Ağız kokusu, Yorgunluk","Dekonjestanlar, Ağrı kesiciler, Burun spreyleri, Antibiyotikler, Tuzlu suyla burun yıkama, Cerrahi"," Dekonjestanlar, Steroid Burun Spreyleri, Ağrı Kesiciler ve Ateş Düşürücüler, Antibiyotikler, Mukolitikler, Antihistaminikler, Tuzlu Su ile Burun Yıkama","Sinüzit, özellikle kronikleştiğinde yaşam kalitesini etkileyebilir ve uygun tedavi edilmezse komplikasyonlara yol açabilir. Erken tedavi ve tetikleyici faktörlerden kaçınmak, sinüzit ataklarının önlenmesine yardımcı olabilir."
zatürre,"Yüksek Ateş, Üşüme ve Titreme, Öksürük, Göğüs Ağrısı, Nefes Darlığı, Halsizlik ve Yorgunluk, Mavi Dudaklar ve Tırnaklar","Antibiyotik Tedavisi, Antiviral Tedavi, Antifungal Tedavi, Destekleyici Tedaviler, Aşılar","Antibiyotikler, Antiviral İlaçlar, Antifungal İlaçlar, Destekleyici İlaçlar","Zatürre, özellikle erken teşhis ve uygun tedavi ile genellikle iyileşen bir hastalıktır. Ancak tedavinin gecikmesi veya altta yatan başka sağlık sorunları varlığında ciddi komplikasyonlar gelişebilir. Bu yüzden belirtiler ortaya çıktığında vakit kaybetmeden bir sağlık profesyoneline başvurulması önemlidir."
Tüberküloz,"İnatçı Öksürük, Göğüs Ağrısı, Ateş, Gece Terlemesi, İştah Kaybı ve Kilo Kaybı, Halsizlik ve Yorgunluk","İlaç Tedavisi, Destekleyici Tedavi, Dirençli Tüberküloz Tedavisi","İzoniazid (INH), Rifampisin, Pirazinamid, Etambuto","Tüberküloz, zamanında teşhis ve doğru tedavi ile tamamen iyileştirilebilir bir hastalıktır. Ancak tedavi sürecinde ilaçların düzenli kullanımı ve doktor kontrollerinin aksatılmaması çok önemlidir. Tedaviye uyulmaması durumunda, hastalık kronikleşebilir ve ilaçlara direnç gelişebilir."
Şeker Hastalığı,"Sık İdrara Çıkma, Aşırı Susuzluk, Açlık Hissi, Aşırı Yorgunluk, Ani Kilo Kaybı, Yavaş İyileşen Yaralar, Bulanık Görme","Yaşam Tarzı Değişiklikleri, İlaç Tedavisi, İnsülin Tedavisi, Oral Diyabet İlaçları","Hızlı Etkili İnsülin, Uzun Etkili İnsülin, Karma İnsülinler, Metformin, Sülfonilüreler, DPP-4 İnhibitörleri, SGLT2 İnhibitörleri","Şeker hastalığı, yaşam boyu süren bir durum olabilir, ancak doğru yönetim ve tedavi ile hastalar sağlıklı ve aktif bir yaşam sürdürebilirler. Diyabet tedavisinde erken teşhis ve tedaviye uyum, komplikasyonların önlenmesi için çok önemlidir."
COVID-19,"Ateş, Kuru Öksürük, Nefes Darlığı, Yorgunluk, Tat ve Koku Kaybı, Kas veya Eklem Ağrıları, Baş Ağrısı, Boğaz Ağrısı, Burun Tıkanıklığı veya Akıntısı, Mide Bulantısı, Kusma veya İshal","Dinlenme, Bol Sıvı Alımı, Ateş ve Ağrı Yönetimi, Oksijen Tedavisi, Ventilasyon, Antiviral Tedaviler, Kortikosteroidler","Remdesivir, Deksametazon, Favipiravir, Monoklonal Antikorlar","COVID-19, SARS-CoV-2 adı verilen yeni bir koronavirüsün neden olduğu bulaşıcı bir solunum yolu hastalığıdır. İlk olarak 2019 yılında tespit edilen COVID-19, hızla yayılarak küresel bir pandemi haline gelmiştir. Hastalık hafif semptomlardan ağır pnömoni ve ölüme kadar geniş bir yelpazede etkiler gösterebilir."
Kalp Yetmezliği,"Nefes Darlığı, Yorgunluk ve Halsizlik, Ayak ve Bacaklarda Şişlik , Hızlı veya Düzensiz Kalp Atışları, Kilo Alımı, Gece Sık İdrara Çıkma, Öksürük veya Hırıltı","Düşük Sodyum Diyeti, Düzenli Egzersiz, Kilo Kontrolü, İlaç Tedavisi, Cihaz Tedavisi, Cerrahi Tedavi","ACE İnhibitörleri, ARB'ler, Beta Blokerler, Diüretikler, Aldosteron Antagonistleri, Digitalis","Kalp yetmezliği, kronik bir durum olup sürekli izlem ve tedavi gerektirir. Uygun tedavi ve yaşam tarzı değişiklikleriyle semptomlar yönetilebilir ve yaşam kalitesi artırılabilir. Tedavi sürecinde doktor tavsiyelerine tam uyum önemlidir."
Egzama,"Kaşıntı, Kızarıklık, Kuruluk, Kabarcıklar ve Sıvı Sızıntısı, Kalınlaşma ve Sertleşme, Çatlaklar","Nemlendirici Kullanımı, Ilık Su ile Banyo, Sabun ve Deterjan Seçimi, Topikal Kortikosteroidler, Topikal Kalsinörin İnhibitörleri, Antihistaminikler, Antibiyotikler, UV Işık Tedavisi, Alerjenlerden Kaçınma, Stres Yönetimi","Topikal Kortikosteroidler, Topikal Kalsinörin İnhibitörleri, Antihistaminikler, Antibiyotikler","Egzama, düzenli cilt bakımı ve doğru tedavi ile kontrol altına alınabilir. Hastalık alevlenme ve remisyon dönemleriyle seyrettiği için tedavi sürecinde doktor takibi önemlidir."
Sedef Hastalığı,"Kırmızı Cilt Plakları, Ciltte Kuruluk ve Çatlama, Kaşıntı ve Yanma, Tırnak Değişiklikleri, Eklemlerde Ağrı ve Şişlik","Kortikosteroid Kremler, D Vitamini Analogları, Retinoidler, Kömür Katranı, UVB Işık Tedavisi, PUVA Tedavisi, Oral Retinoidler, Metotreksat, Siklosporin, Biyolojik İlaçlar","Kortikosteroid Kremler, D Vitamini Analogları, Retinoidler, Biyolojik İlaçlar, Metotreksat","Sedef hastalığı, kronik ve tekrarlayıcı bir hastalık olmasına rağmen, uygun tedavi ile semptomlar kontrol altına alınabilir. Tedavi sürecinde doktorla düzenli takip, hastalığın yönetiminde önemli bir rol oynar."
Meme Kanseri,"Meme veya Koltuk Altında Kitle, Meme Şekli veya Boyutunda Değişiklik, Meme Başında Çökme veya İçeri Çekilme, Ciltte Değişiklikler, Meme Başından Akıntı, Ağr","Cerrahi Tedavi, Radyoterapi, Kemoterapi, Hormonal Tedavi, Hedefe Yönelik Tedavi, İmmünoterapi","Tamoksifen, Aromataz İnhibitörleri, Trastuzumab, Doksorubisin, Paclitaxel","Meme kanseri, erken teşhis edildiğinde tedavi şansı oldukça yüksektir. Düzenli taramalar ve meme sağlığına dikkat edilmesi, erken teşhis ve başarılı tedavi açısından büyük önem taşır. Tedavi süreci multidisipliner bir yaklaşımla, onkolog, cerrah ve radyoterapist gibi uzmanların iş birliğiyle yürütülür."
Mantar Enfeksiyonları,"Kaşıntı, Kızarıklık ve Pullanma, Halkalar, Kabarcıklar ve Su Toplaması, Yoğun Kaşıntı ve Yanma, Beyaz ve Yoğun Akıntı, İdrar Yaparken ve Cinsel İlişki Sırasında Ağrı, Beyaz Lekeler, Ağızda Yanma ve Hassasiyet, Tat Kaybı, Kalınlaşmış Tırnaklar, Renk Değişiklikleri, Tırnakta Kırılma ve Parçalanma","Antifungal Kremler, Antifungal Pudralar, Antifungal Şampuanlar, Oral Antifungal, Nemden Kaçınma, Dar Giysilerden Kaçınma, Kişisel Eşyaların Paylaşılmaması, Etkili El ve Vücut Temizliği","Klotrimazol, Mikonazol, Mikonazol, Terbinafin, Itrakonazol","Mantar enfeksiyonları genellikle tedavi edilebilir, ancak tekrarlama riski vardır. Tedavi sürecinde hijyenik önlemler almak ve doktorun önerdiği tedavi planına uymak önemlidir."
Su Çiçeği,"Döküntü, Ateş, Yorgunluk ve Halsizlik, Baş Ağrısı, Kaşıntı","Kaşıntıyı Azaltmak için Losyonlar, Ateş ve Ağrı Yönetimi, Bol Sıvı Tüketimi, Asiklovir, Antihistaminikler, İzolasyon","Asiklovir, Parasetamol, Kalamin Losyonu, Antihistaminikler","Su çiçeği genellikle çocuklukta geçirildikten sonra bağışıklık kazanılır. Ancak virüs vücutta latent (gizli) kalabilir ve ilerleyen yaşlarda zona (herpes zoster) olarak yeniden aktif hale gelebilir. Su çiçeği aşısı, hastalığın önlenmesi için en etkili yoldur ve komplikasyon riskini önemli ölçüde azaltır."
Mide kanseri,"Karın Ağrısı, İştah Kaybı ve Kilo Kaybı, Mide Bulantısı ve Kusma, Yutma Güçlüğü, Şişkinlik ve Erken Doyma, Kanlı Dışkı veya Melena, Yorgunluk ve Halsizlik","Parsiyel Gastrektomi, Total Gastrektomi, Lenf Düğümlerinin Çıkarılması, Kemoterapi, Radyoterapi, Hedefe Yönelik Tedavi, İmmünoterapi","5-FU, Cisplatin, Oxaliplatin, Trastuzumab, Pembrolizumab","Mide kanseri erken teşhis edilmesi zor bir hastalık olabilir, bu nedenle mide rahatsızlıklarının uzun süre devam etmesi durumunda doktor kontrolüne başvurulması önemlidir. Erken teşhis ve tedavi, yaşam süresini ve kalitesini önemli ölçüde artırabilir."
Depresyon,"Sürekli Üzüntü veya Boşluk Hissi, İlgi Kaybı, Enerji Düşüklüğü ve Yorgunluk, Uyku Bozuklukları, İştah Değişiklikleri ve Kilo Değişimi, Düşünme, Konsantre Olma ve Karar Verme Zorlukları, Umutsuzluk ve Değersizlik Hissi, Fiziksel Belirtiler, İntihar Düşünceleri","Bilişsel Davranışçı Terapi, Kişilerarası Terapi, Psikodinamik Terapi, İlaç Tedavisi, Egzersiz, Dengeli Beslenme, Uyku Düzeni, Destek Grupları, Elektrokonvülsif Terapi","Fluoksetin, Sertralin, Paroksetin, Venlafaksin, Duloksetin, Amitriptilin, Nortriptilin, Fenelzin, Tranylcypromin, Atypical Antidepresanlar","Depresyon, ciddi bir sağlık sorunu olmasına rağmen, etkili tedavi seçenekleri mevcuttur. Depresyon belirtileri yaşayan bireylerin bir uzmana başvurması ve profesyonel yardım alması, hastalığın yönetiminde ve iyileşme sürecinde çok önemlidir."
Bel fıtığı,"Bel Ağrısı, Bacaklara Yayılan Ağrı, Uyuşma ve Karıncalanma, Kas Güçsüzlüğü, Hareket Zorluğu, Reflekslerde Azalma","Dinlenme, Fizik Tedavi, Masaj ve Manipülasyon, Ağrı Kesiciler, Kas Gevşeticiler, Steroid Enjeksiyonları, Diskektomi, Mikrocerrahi, Laminektomi, Akupunktur, Chiropractic Tedavi","NSAID'ler, Kas Gevşeticiler, Steroid Enjeksiyonları, Opioidler, Gabapentin ve Pregabalin","Bel fıtığı, yaşam kalitesini önemli ölçüde etkileyebilen bir durumdur. Erken teşhis ve uygun tedavi, semptomların yönetilmesine ve komplikasyonların önlenmesine yardımcı olur. Tedavi sürecinde doktor önerilerine uymak ve fiziksel aktivitelere dikkat etmek önemlidir."
Migren,"Prodrom, Aura, Baş Ağrısı, Postdrom","Ağrı Kesiciler, Triptanlar, Ergotaminler, Antiemetikler, Beta Blokerler, Antidepresanlar, Antikonvülsanlar, CGRP, Tetikleyicilerin Önlenmesi, Düzenli Egzersiz ve Sağlıklı Beslenme, Stres Yönetimi, Akupunktur, Biyofeedback","Sumatriptan, Ergotamin, Propranolol, Topiramat, Botulinum Toksini","Migren, hayat kalitesini önemli ölçüde etkileyebilen bir durumdur. Ancak, uygun tedavi ve yaşam tarzı değişiklikleri ile migren atakları kontrol altına alınabilir ve hastalar daha iyi bir yaşam sürebilirler. Migren tedavisi için bir uzmana danışmak, kişiye özel bir tedavi planının belirlenmesi açısından önemlidir."
Guatr,"Boyunda Şişlik, Nefes Darlığı ve Öksürük, Yutma Güçlüğü, Ses Kısıklığı, Hipertiroidi Belirtileri, Hipotiroidi Belirtileri","Levotiroksin, Antitiroid İlaçlar, İyot Takviyeleri, Radyoaktif İyot, Tiroidektomi, İzleme ve Gözlem","Levotiroksin, Metimazol ve Propiltiyourasil, Potasyum İyodür, Radyoaktif İyot","Guatr, genellikle iyi huylu bir durum olmasına rağmen, tedavi gerektirebilecek ciddi komplikasyonlara neden olabilir. Bu nedenle, boyunda şişlik veya tiroid fonksiyonlarıyla ilgili belirtiler fark edildiğinde bir doktora başvurmak önemlidir. Tedavi, guatrın boyutunu ve semptomlarını kontrol altına alabilir ve hastanın yaşam kalitesini artırabilir."
Böbrek yetmezliği,"İdrar Çıkışında Azalma, Şişlik (Ödem), Yorgunluk ve Zayıflık, Nefes Darlığı, Bulantı ve Kusma, Kas Krampları, Kaşıntı, Zihin Bulanıklığı, Hipertansiyon","Kan Basıncı Kontrolü, Anemi Tedavisi, Elektrolit Düzeltmesi, Diüretikler, Düşük Protein Diyeti, Tuz ve Sıvı Kısıtlaması, Potasyum ve Fosfat Kısıtlaması, Diyaliz, Böbrek Nakli","ACE İnhibitörleri, ARB'ler, Diüretikler, Eritropoietin, Fosfat Bağlayıcılar","Böbrek yetmezliği, yaşam kalitesini ciddi şekilde etkileyebilen bir durumdur ve erken teşhis, böbrek fonksiyonlarının korunması için hayati öneme sahiptir. Tedavi, hastalığın ilerlemesini yavaşlatmak, semptomları yönetmek ve komplikasyonları önlemek için gereklidir. Düzenli tıbbi kontroller ve doktorun önerdiği tedavi planına sıkı sıkıya uymak, böbrek yetmezliği olan hastalar için kritik öneme sahiptir."
Tümör,"Belirgin Şişlik veya Kitle, Ağrı, Yorgunluk, Kilo Kaybı, İştah Kaybı, Cilt Değişiklikleri, İç Kanamalar veya Anemi, Organ Fonksiyon Bozuklukları","Cerrahi Tedavi, Radyoterapi, Kemoterapi, İmmünoterapi, Hedefe Yönelik Tedavi, Hormonal Tedavi, Destekleyici Tedavi (Palyatif Bakım)","Cisplatin, Doxorubicin, Paclitaxel, Pembrolizumab (Keytruda), Nivolumab (Opdivo), Trastuzumab (Herceptin), Tamoksifen, Anastrozol, Bevacizumab (Avastin)","Tümörlerin tedavisi, multidisipliner bir yaklaşımla, genellikle birden fazla tedavi yönteminin kombinasyonu ile gerçekleştirilir. Tedavi planı, hastanın durumuna özel olarak belirlenir ve amaç, tümörün büyümesini kontrol altına almak, yayılmasını engellemek ve hastanın yaşam kalitesini korumaktır. Tümör şüphesi veya teşhisi durumunda, bir uzman hekime başvurmak ve uygun tedavi planını belirlemek çok önemlidir."
Siroz,"Yorgunluk ve Zayıflık, İştah Kaybı ve Kilo Kaybı, Sarılık (Jaundice), Kaşıntı, Ödem ve Asit (Ascites), Kanama ve Morarma, Hepatik Ensefalopati, Karaciğerin Sertleşmesi ve Büyümesi, Varis Kanamaları, Çeşitli Hormonal Bozukluklar","Alkolü Bırakmak, Hepatit Tedavisi, Yağlı Karaciğer Hastalığını Yönetmek, Diüretikler, Laktuloz, Beta Blokerler, Antibiyotikler, Tuz Kısıtlaması, Düzenli Takip ve Kontrol, Karaciğer Nakli","Diüretikler, Laksatif, Beta Bloker, Antiviral İlaçlar, Antiviral İlaçlar","Siroz, ciddi ve ilerleyici bir karaciğer hastalığıdır. Erken teşhis, altta yatan nedenin tedavisi ve yaşam tarzı değişiklikleri ile hastalığın ilerlemesi yavaşlatılabilir ve komplikasyonlar önlenebilir. Sirozun ciddiyeti nedeniyle, bu hastalıkla yaşayan kişilerin düzenli tıbbi takip altında olmaları ve doktorlarının önerilerine sıkı sıkıya uymaları büyük önem taşır."
Prostat Kanseri,"İdrar Yapma Güçlüğü, İdrar Sırasında Ağrı veya Yanma, Gece Sık İdrara Çıkma (Nocturia), Tam Boşalamama Hissi, İdrarda Kan (Hematüri), Kemik Ağrısı, Erektil Disfonksiyon","Aktif İzlem (Active Surveillance), Cerrahi Tedavi (Radikal Prostatektomi), Radyoterapi, Hormon Tedavisi (Androjen Baskılama Terapisi), Kemoterapi, Hedefe Yönelik Tedavi","Hormon Tedavisi, Androjen Reseptör Blokörleri, Kemoterapi İlacı, Testosteron Sentezi İnhibitörü, PARP İnhibitörü","Prostat kanseri genellikle yavaş ilerleyen bir hastalık olup, erken evrede teşhis edilirse tedavi şansı oldukça yüksektir. Düzenli doktor kontrolleri ve PSA testleri, prostat kanserinin erken teşhis edilmesi için önemlidir. Tedavi planı, hastanın bireysel durumuna ve kanserin evresine göre özelleştirilir"
Lösemi,"Yorgunluk ve Halsizlik, Anemi, Enfeksiyonlar, Kanama ve Morarma, Kemik ve Eklem Ağrısı, Şişmiş Lenf Düğümleri, İştah Kaybı ve Kilo Kaybı, Gece Terlemeleri","Kemoterapi, Hedefe Yönelik Tedavi, İmmünoterapi, Radyoterapi, Kemik İliği Nakli (Hematopoietik Kök Hücre Nakli), Destekleyici Tedavi","Hedefe Yönelik Tedavi, Kemoterapi İlaçları, Methotrexate, İmmünoterapi, BiTE Antikoru, Hedefe Yönelik Tedavi","Lösemi, karmaşık ve zorlayıcı bir hastalık olmasına rağmen, modern tıp sayesinde birçok tedavi seçeneği mevcuttur. Erken teşhis, doğru tedavi planı ve düzenli takip, hastaların yaşam süresi ve kalitesini önemli ölçüde artırabilir. Tedavi planı, her hastanın özel durumuna göre kişiselleştirilir."
Alzheimer,"Hafıza Kaybı, Zaman ve Mekân Algısında Bozulma, Karmaşık Görevlerde Zorluk, Dil Problemleri, Eşyaların Yerini Karıştırma, Kişilik ve Davranış Değişiklikleri, Yargı ve Karar Verme Yeteneğinde Bozulma, Sosyal ve Mesleki Yeteneklerin Zayıflaması","İlaç Tedavisi, Bilişsel Rehabilitasyon ve Terapi, Yaşam Tarzı Değişiklikleri, Destekleyici Bakım, Psikolojik Destek","Kolinerjik İlaç, Rivastigmin (Exelon), Galantamin (Razadyne), NMDA Reseptör Antagonisti, Antidepresanlar ve Anksiyolitikler","Alzheimer hastalığı, hem hastalar hem de yakınları için zorlu bir süreçtir. Erken teşhis ve doğru tedavi yaklaşımları, hastaların yaşam kalitesini artırabilir ve hastalığın ilerlemesini yavaşlatabilir. Düzenli doktor kontrolleri ve yaşam tarzı düzenlemeleri de tedavi sürecinde önemli rol oynar."
Epilepsi,"Bilinç Kaybı veya Zihin Bulanıklığı, Kasılma ve Titreme (Konvülsiyonlar), Duyusal Değişiklikler, Otonomik Belirtiler, Geçici Zihin Karışıklığı, Duygusal ve Psikolojik Belirtiler, Yürüyüş ve Hareket Bozuklukları","Antiepileptik İlaçlar (AEİ), Cerrahi Tedavi, Vagus Sinir Stimülasyonu (VNS), Ketojenik Diyet, Davranışsal ve Psikolojik Tedavi, Yaşam Tarzı Değişiklikleri","Karbamazepin (Tegretol), Valproat (Depakin), Lamotrijin (Lamictal), Levetirasetam (Keppra), Topiramat (Topamax), Fenitoin (Dilantin)","Epilepsi, bireyin yaşam kalitesini etkileyebilen kronik bir hastalık olmasına rağmen, doğru tedavi ve yaşam tarzı değişiklikleri ile nöbetler genellikle başarılı bir şekilde kontrol altına alınabilir. Tedavi planı, nöbetlerin türüne, sıklığına ve hastanın genel sağlık durumuna göre kişiselleştirilir."
Kabakulak,"Tükürük Bezlerinde Şişlik ve Ağrı, Ateş, Baş Ağrısı, Kas Ağrıları, İştah Kaybı ve Yorgunluk, Çiğneme ve Yutma Zorluğu, Nadir Komplikasyonlar","Ateş ve Ağrı Yönetimi, Bol Sıvı Alımı, Dinlenme, Yumuşak Gıdalar, Soğuk Kompres","Parasetamol, İbuprofen","Kabakulak, genellikle hafif seyirli olsa da, özellikle komplikasyonlar geliştiğinde ciddi sonuçlar doğurabilir. Belirtiler ortaya çıktığında tıbbi yardım almak ve diğer insanlara hastalığın bulaşmasını önlemek için izolasyon önlemlerine dikkat etmek önemlidir."
Lenf Kanseri,"Lenf Düğümlerinde Şişlik, Ateş, Gece Terlemeleri, Kilo Kaybı, Yorgunluk, Yorgunluk, Solunum Zorlukları veya Göğüs Ağrısı, Karın Ağrısı veya Şişkinlik","Karın Ağrısı veya Şişkinlik, Radyoterapi, İmmünoterapi, Hedefe Yönelik Tedavi, Kök Hücre Nakli (Kemik İliği Nakli), Cerrahi","Doksorubisin (Adriamycin), Siklofosfamid (Cytoxan), Vincristine (Oncovin), Prednizon, Etoposid (VP-16), Bleomisin, Rituksimab (Rituxan)","Lenf kanseri erken evrede teşhis edildiğinde tedaviye iyi yanıt verebilir. Bu nedenle, belirtiler fark edildiğinde erken tanı ve tedavi için bir doktora başvurmak önemlidir. Tedavi sonrası takip ve düzenli kontroller, hastalığın tekrarlama riskini azaltmak ve erken müdahale için gereklidir."
Parkinson,"Tremor (Titreme), Bradikinezi (Hareket Yavaşlığı), Kas Sertliği (Rijidite), Denge ve Koordinasyon Bozuklukları, Yüz İfadesinde Azalma (Maske Yüz), Yutma ve Konuşma Zorlukları, İnce Motor Becerilerde Zayıflama, Psikiyatrik Belirtiler","İlaç Tedavisi, Cerrahi Tedavi, Fizik Tedavi ve Rehabilitasyon, Konuşma Terapisi, Bilişsel ve Psikolojik Destek","Levodopa/Carbidopa (Sinemet), Dopamin Agonistleri, MAO-B İnhibitörleri, COMT İnhibitörleri, Amantadin (Symmetrel), Antikolinerjikler","Parkinson hastalığı, ilerleyici bir hastalık olduğundan, tedavi süreci dinamik ve kişiselleştirilmiş olmalıdır. Erken teşhis ve tedavi, hastalığın etkilerini azaltmada önemli bir rol oynar ve hastaların yaşam kalitesini iyileştirir. Tedavi planı, hastanın semptomlarına ve yaşam tarzına uygun olarak düzenli olarak gözden geçirilmelidir."
Tetanos,"Kas Sertliği ve Spazmları, Yutma Güçlüğü, Solunum Problemleri, Ateş, Terleme ve Yüksek Kan Basıncı, Huzursuzluk ve Sinirlilik","Tetanos Antitoksini (Tetanus Immune Globulin, TIG), Antibiyotikler, Kas Gevşeticiler ve Spazm Önleyici İlaçlar, Solunum Desteği, Yaraların Temizlenmesi ve Debridman, Destekleyici Tedavi","Tetanos Antitoksini (Tetanus Immune Globulin, TIG), Metronidazol, Penisilin, Diazepam (Valium), Midazolam, Mekanik Ventilasyon, Morfin, Tetanos Toxoidi","Tetanos, Clostridium tetani adı verilen bir bakterinin neden olduğu ciddi ve potansiyel olarak ölümcül bir enfeksiyondur. Bu bakteri, oksijensiz ortamlarda sporları aracılığıyla çoğalır ve tetanospazmin adı verilen güçlü bir nörotoksin üretir. Bu toksin sinir sistemini etkileyerek kaslarda şiddetli kasılmalara ve spazmlara neden olur. Tetanos, genellikle kirli yaralar, kesikler veya delinme yaraları yoluyla vücuda giren bakterilerle bulaşır. Aşılanma, tetanostan korunmada en etkili yöntemdir."
Anevrizma,"Ani ve Şiddetli Baş Ağrısı, Bulanık veya Çift Görme, Boyun Sertliği, Mide Bulantısı ve Kusma, Bilincin Kapanması veya Bilinç Kaybı, Nöbetler, Karın veya Sırt Ağrısı, Nabız Hissedilen Bir Kitle, Göğüs Ağrısı, Nefes Darlığı ve Öksürük, Ses Kısıklığı","Açık Cerrahi Onarım, Endovasküler Stent Graft (EVAR), Gözlem ve İzleme, Kan Basıncını Kontrol Altına Alma","Antihipertansif İlaçlar, Ağrı Kesiciler, Antikoagülanlar ve Antiplatelet İlaçlar","Anevrizma, potansiyel olarak hayatı tehdit edici bir durumdur, bu yüzden risk altında olan bireyler (özellikle yüksek tansiyon, sigara kullanımı veya ailede anevrizma öyküsü olanlar) düzenli doktor kontrollerine gitmeli ve risk faktörlerini yönetmelidir. Tedavi edilmediğinde, yırtılma riski yüksek olan anevrizmalar ciddi kanamalara ve ani ölüme neden olabilir. Erken teşhis ve tedavi, anevrizmanın yırtılmasını ve komplikasyonlarını önlemede kritik öneme sahiptir."
